process_method,method,run_id,flow_over_population,prevalence_peak,peak_day,remaining_flow_pct,epp,unrestricted_flow,unrestricted_peak,isolation_peak,epp_max
31,linear,300,0.19946542714017831,108152.0,221,100.0,21658.320000000007,0.19946542714017831,108152.0,86493.68,21658.320000000007
31,linear,301,0.1894921557831726,107897.0,221,95.0000000000016,21403.320000000007,0.19946542714017831,108152.0,86493.68,21658.320000000007
31,linear,302,0.17951888442616096,107232.0,216,90.00000000000024,20738.320000000007,0.19946542714017831,108152.0,86493.68,21658.320000000007
31,linear,303,0.1695456130691524,108175.0,218,85.00000000000041,21681.320000000007,0.19946542714017831,108152.0,86493.68,21658.320000000007
31,linear,304,0.15957234171214366,106017.0,220,80.0000000000005,19523.320000000007,0.19946542714017831,108152.0,86493.68,21658.320000000007
31,linear,305,0.14959907035513295,106009.0,221,74.99999999999962,19515.320000000007,0.19946542714017831,108152.0,86493.68,21658.320000000007
31,linear,306,0.13962579899812583,105875.0,218,70.00000000000051,19381.320000000007,0.19946542714017831,108152.0,86493.68,21658.320000000007
31,linear,307,0.12965252764111618,106110.0,218,65.00000000000014,19616.320000000007,0.19946542714017831,108152.0,86493.68,21658.320000000007
31,linear,308,0.11967925628411082,105511.0,219,60.00000000000192,19017.320000000007,0.19946542714017831,108152.0,86493.68,21658.320000000007
31,linear,309,0.10970598492709989,104734.0,216,55.00000000000092,18240.320000000007,0.19946542714017831,108152.0,86493.68,21658.320000000007
31,linear,310,0.09973271357008863,104296.0,215,49.99999999999973,17802.320000000007,0.19946542714017831,108152.0,86493.68,21658.320000000007
31,linear,311,0.0897594422130796,102926.0,216,44.99999999999968,16432.320000000007,0.19946542714017831,108152.0,86493.68,21658.320000000007
31,linear,312,0.07978617085607224,103107.0,213,40.00000000000046,16613.320000000007,0.19946542714017831,108152.0,86493.68,21658.320000000007
31,linear,313,0.06981289949906258,102679.0,213,35.000000000000085,16185.320000000007,0.19946542714017831,108152.0,86493.68,21658.320000000007
31,linear,314,0.059839628142053895,102296.0,212,30.0000000000002,15802.320000000007,0.19946542714017831,108152.0,86493.68,21658.320000000007
31,linear,315,0.04986635678504231,100184.0,214,24.999999999998863,13690.320000000007,0.19946542714017831,108152.0,86493.68,21658.320000000007
31,linear,316,0.039893085428037954,99248.0,211,20.000000000001148,12754.320000000007,0.19946542714017831,108152.0,86493.68,21658.320000000007
31,linear,317,0.02991981407102528,97976.0,211,14.999999999999265,11482.320000000007,0.19946542714017831,108152.0,86493.68,21658.320000000007
31,linear,318,0.019946542714017492,94067.0,212,9.99999999999983,7573.320000000007,0.19946542714017831,108152.0,86493.68,21658.320000000007
31,linear,319,0.00997327135700794,92312.0,214,4.999999999999511,5818.320000000007,0.19946542714017831,108152.0,86493.68,21658.320000000007
31,linear,320,0.0,86493.68,211,0.0,0.0,0.19946542714017831,108152.0,86493.68,21658.320000000007
31,pop_both_inverse,300,0.19946542714017831,108152.0,221,100.0,21658.320000000007,0.19946542714017831,108152.0,86493.68,21658.320000000007
31,pop_both_inverse,301,0.1894858382626726,105862.0,222,94.99683277418679,19368.320000000007,0.19946542714017831,108152.0,86493.68,21658.320000000007
31,pop_both_inverse,302,0.17949971845137555,104190.0,223,89.99039132993636,17696.320000000007,0.19946542714017831,108152.0,86493.68,21658.320000000007
31,pop_both_inverse,303,0.16952034042604067,103945.0,231,84.9873298127534,17451.320000000007,0.19946542714017831,108152.0,86493.68,21658.320000000007
31,pop_both_inverse,304,0.15955928449117246,99619.0,226,79.9934538926583,13125.320000000007,0.19946542714017831,108152.0,86493.68,21658.320000000007
31,pop_both_inverse,305,0.14958047211725276,97995.0,224,74.99067595916364,11501.320000000007,0.19946542714017831,108152.0,86493.68,21658.320000000007
31,pop_both_inverse,306,0.139604783722785,97203.0,232,69.98946420157061,10709.320000000007,0.19946542714017831,108152.0,86493.68,21658.320000000007
31,pop_both_inverse,307,0.12958770333275724,95868.0,229,64.96750098035129,9374.320000000007,0.19946542714017831,108152.0,86493.68,21658.320000000007
31,pop_both_inverse,308,0.11966757624310044,94042.0,230,59.9941443280803,7548.320000000007,0.19946542714017831,108152.0,86493.68,21658.320000000007
31,pop_both_inverse,309,0.10968434061533157,92573.0,226,54.98914884043975,6079.320000000007,0.19946542714017831,108152.0,86493.68,21658.320000000007
31,pop_both_inverse,310,0.0996721701376494,91842.0,222,49.969647154743654,5348.320000000007,0.19946542714017831,108152.0,86493.68,21658.320000000007
31,pop_both_inverse,311,0.08952971736877163,88559.0,219,44.884829743378454,2065.320000000007,0.19946542714017831,108152.0,86493.68,21658.320000000007
31,pop_both_inverse,312,0.07960741884220074,88550.92,222,39.91038446289493,2057.2400000000052,0.19946542714017831,108152.0,86493.68,21658.320000000007
31,pop_both_inverse,313,0.06978022390516175,88705.0,217,34.98361841730212,2211.320000000007,0.19946542714017831,108152.0,86493.68,21658.320000000007
31,pop_both_inverse,314,0.05969881113711356,88492.0,212,29.929402800796666,1998.320000000007,0.19946542714017831,108152.0,86493.68,21658.320000000007
31,pop_both_inverse,315,0.04986129155964789,86297.0,213,24.9974605998296,-196.67999999999302,0.19946542714017831,108152.0,86493.68,21658.320000000007
31,pop_both_inverse,316,0.039853517805514715,87697.0,210,19.98016316757834,1203.320000000007,0.19946542714017831,108152.0,86493.68,21658.320000000007
31,pop_both_inverse,317,0.029714472628611967,86554.0,210,14.897054118420996,60.320000000006985,0.19946542714017831,108152.0,86493.68,21658.320000000007
31,pop_both_inverse,318,0.01992021685635584,85925.0,207,9.986801794155792,-568.679999999993,0.19946542714017831,108152.0,86493.68,21658.320000000007
31,pop_both_inverse,319,0.00917236786963818,85628.0,209,4.598475034569332,-865.679999999993,0.19946542714017831,108152.0,86493.68,21658.320000000007
31,pop_both_inverse,320,0.0,86303.0,211,0.0,-190.67999999999302,0.19946542714017831,108152.0,86493.68,21658.320000000007
31,county_outflow_both,300,0.19946542714017831,108152.0,221,100.0,21658.320000000007,0.19946542714017831,108152.0,86493.68,21658.320000000007
31,county_outflow_both,301,0.18948754808789667,107207.0,221,94.99768997798826,20713.320000000007,0.19946542714017831,108152.0,86493.68,21658.320000000007
31,county_outflow_both,302,0.17950212781788308,106688.0,218,89.99159924177455,20194.320000000007,0.19946542714017831,108152.0,86493.68,21658.320000000007
31,county_outflow_both,303,0.1692823699286947,106733.0,222,84.8680256803241,20239.320000000007,0.19946542714017831,108152.0,86493.68,21658.320000000007
31,county_outflow_both,304,0.1595624815907762,103427.0,223,79.99505672661785,16933.320000000007,0.19946542714017831,108152.0,86493.68,21658.320000000007
31,county_outflow_both,305,0.1495840401390799,103451.0,225,74.99246475127578,16957.320000000007,0.19946542714017831,108152.0,86493.68,21658.320000000007
31,county_outflow_both,306,0.13869992957147684,102109.0,218,69.53582460884446,15615.320000000007,0.19946542714017831,108152.0,86493.68,21658.320000000007
31,county_outflow_both,307,0.12950765568417189,103107.0,220,64.92736989110288,16613.320000000007,0.19946542714017831,108152.0,86493.68,21658.320000000007
31,county_outflow_both,308,0.11935838400252001,100807.0,225,59.839133885913235,14313.320000000007,0.19946542714017831,108152.0,86493.68,21658.320000000007
31,county_outflow_both,309,0.10967715181894815,99864.0,220,54.98554480916151,13370.320000000007,0.19946542714017831,108152.0,86493.68,21658.320000000007
31,county_outflow_both,310,0.0996937115661621,98452.0,219,49.98044673481202,11958.320000000007,0.19946542714017831,108152.0,86493.68,21658.320000000007
31,county_outflow_both,311,0.08960203474232768,97804.0,221,44.9210853364368,11310.320000000007,0.19946542714017831,108152.0,86493.68,21658.320000000007
31,county_outflow_both,312,0.07941692733867847,97587.0,218,39.8148834498856,11093.320000000007,0.19946542714017831,108152.0,86493.68,21658.320000000007
31,county_outflow_both,313,0.06913542714820527,97103.0,214,34.66035600225545,10609.320000000007,0.19946542714017831,108152.0,86493.68,21658.320000000007
31,county_outflow_both,314,0.05975986633560365,96406.0,217,29.960012214851755,9912.320000000007,0.19946542714017831,108152.0,86493.68,21658.320000000007
31,county_outflow_both,315,0.049860962454916474,93988.0,218,24.997295606459,7494.320000000007,0.19946542714017831,108152.0,86493.68,21658.320000000007
31,county_outflow_both,316,0.039880975218467375,94511.0,219,19.993928667367616,8017.320000000007,0.19946542714017831,108152.0,86493.68,21658.320000000007
31,county_outflow_both,317,0.027916567150733484,91880.0,217,13.995692161285955,5386.320000000007,0.19946542714017831,108152.0,86493.68,21658.320000000007
31,county_outflow_both,318,0.019797734821651834,89941.0,213,9.92539664918401,3447.320000000007,0.19946542714017831,108152.0,86493.68,21658.320000000007
31,county_outflow_both,319,0.009817126213915747,88702.0,211,4.921718191803016,2208.320000000007,0.19946542714017831,108152.0,86493.68,21658.320000000007
31,county_outflow_both,320,0.0,86303.0,211,0.0,-190.67999999999302,0.19946542714017831,108152.0,86493.68,21658.320000000007
33,realtime_random_both,300,0.19946542714017831,108152.0,221,100.0,21658.320000000007,0.19946542714017831,108152.0,86493.68,21658.320000000007
33,realtime_random_both,301,0.18927938184453413,107080.0,218,94.89332791066307,20586.320000000007,0.19946542714017831,108152.0,86493.68,21658.320000000007
33,realtime_random_both,302,0.1792512638891474,106725.0,216,89.86583111627408,20231.320000000007,0.19946542714017831,108152.0,86493.68,21658.320000000007
33,realtime_random_both,303,0.1693494208397807,108376.0,217,84.90164098501492,21882.320000000007,0.19946542714017831,108152.0,86493.68,21658.320000000007
33,realtime_random_both,304,0.15902151194690756,105805.0,220,79.72384699788199,19311.320000000007,0.19946542714017831,108152.0,86493.68,21658.320000000007
33,realtime_random_both,305,0.1494828618117153,105157.0,217,74.94174000723606,18663.320000000007,0.19946542714017831,108152.0,86493.68,21658.320000000007
33,realtime_random_both,306,0.139624783591672,105603.0,212,69.99949093611491,19109.320000000007,0.19946542714017831,108152.0,86493.68,21658.320000000007
33,realtime_random_both,307,0.12961069193371955,105782.0,217,64.97902608587555,19288.320000000007,0.19946542714017831,108152.0,86493.68,21658.320000000007
33,realtime_random_both,308,0.11946927728492111,105653.0,215,59.89472912564526,19159.320000000007,0.19946542714017831,108152.0,86493.68,21658.320000000007
33,realtime_random_both,309,0.10962889531142506,104466.0,216,54.961351891012754,17972.320000000007,0.19946542714017831,108152.0,86493.68,21658.320000000007
33,realtime_random_both,310,0.09973220919730053,102972.0,213,49.99974713773918,16478.320000000007,0.19946542714017831,108152.0,86493.68,21658.320000000007
33,realtime_random_both,311,0.08951916665185979,103424.0,213,44.879540246816006,16930.320000000007,0.19946542714017831,108152.0,86493.68,21658.320000000007
33,realtime_random_both,312,0.07881917889777768,102088.0,216,39.51520823826072,15594.320000000007,0.19946542714017831,108152.0,86493.68,21658.320000000007
33,realtime_random_both,313,0.06979702701181592,102445.0,211,34.99204248702441,15951.320000000007,0.19946542714017831,108152.0,86493.68,21658.320000000007
33,realtime_random_both,314,0.05953826258325699,101458.0,215,29.848913386586684,14964.320000000007,0.19946542714017831,108152.0,86493.68,21658.320000000007
33,realtime_random_both,315,0.04985209430680646,99885.0,214,24.992849648962927,13391.320000000007,0.19946542714017831,108152.0,86493.68,21658.320000000007
33,realtime_random_both,316,0.038195195559386885,99563.0,214,19.148779869778863,13069.320000000007,0.19946542714017831,108152.0,86493.68,21658.320000000007
33,realtime_random_both,317,0.029667913239679225,96852.0,218,14.873712033729788,10358.320000000007,0.19946542714017831,108152.0,86493.68,21658.320000000007
33,realtime_random_both,318,0.019626048444888397,94602.0,213,9.839323398683923,8108.320000000007,0.19946542714017831,108152.0,86493.68,21658.320000000007
33,realtime_random_both,319,0.009770563498739558,91159.0,213,4.898374439532872,4665.320000000007,0.19946542714017831,108152.0,86493.68,21658.320000000007
33,realtime_random_both,320,0.0,86303.0,211,0.0,-190.67999999999302,0.19946542714017831,108152.0,86493.68,21658.320000000007
33,realtime_county_pchDextS_both,300,0.19946542714017831,108152.0,221,100.0,21658.320000000007,0.19946542714017831,108152.0,86493.68,21658.320000000007
33,realtime_county_pchDextS_both,301,0.18947842982416102,104475.0,232,94.99311862752097,17981.320000000007,0.19946542714017831,108152.0,86493.68,21658.320000000007
33,realtime_county_pchDextS_both,302,0.17934839802497934,100752.0,230,89.91452834527493,14258.320000000007,0.19946542714017831,108152.0,86493.68,21658.320000000007
33,realtime_county_pchDextS_both,303,0.169366875979528,98512.0,238,84.91039194501714,12018.320000000007,0.19946542714017831,108152.0,86493.68,21658.320000000007
33,realtime_county_pchDextS_both,304,0.1593586571274091,93174.0,237,79.89287136733556,6680.320000000007,0.19946542714017831,108152.0,86493.68,21658.320000000007
33,realtime_county_pchDextS_both,305,0.14955808586396016,91014.0,234,74.97945283462845,4520.320000000007,0.19946542714017831,108152.0,86493.68,21658.320000000007
33,realtime_county_pchDextS_both,306,0.13947009593655693,87598.2,226,69.92193982496102,1104.520000000004,0.19946542714017831,108152.0,86493.68,21658.320000000007
33,realtime_county_pchDextS_both,307,0.12955399149829197,85646.7,220,64.95059988879443,-846.9799999999959,0.19946542714017831,108152.0,86493.68,21658.320000000007
33,realtime_county_pchDextS_both,308,0.11953652260496113,84819.32,210,59.92844189532377,-1674.359999999986,0.19946542714017831,108152.0,86493.68,21658.320000000007
33,realtime_county_pchDextS_both,309,0.1094982424341069,84611.24,211,54.895850375691836,-1882.4399999999878,0.19946542714017831,108152.0,86493.68,21658.320000000007
33,realtime_county_pchDextS_both,310,0.0995948026634613,84907.46,207,49.93085974416462,-1586.2199999999866,0.19946542714017831,108152.0,86493.68,21658.320000000007
33,realtime_county_pchDextS_both,311,0.08969478061852812,85053.0,211,44.96758255529331,-1440.679999999993,0.19946542714017831,108152.0,86493.68,21658.320000000007
33,realtime_county_pchDextS_both,312,0.07976218881919711,85232.0,208,39.98797684530194,-1261.679999999993,0.19946542714017831,108152.0,86493.68,21658.320000000007
33,realtime_county_pchDextS_both,313,0.0698097797987962,86487.0,209,34.99843596942541,-6.679999999993015,0.19946542714017831,108152.0,86493.68,21658.320000000007
33,realtime_county_pchDextS_both,314,0.05961992751388126,87341.0,209,29.889855284034844,847.320000000007,0.19946542714017831,108152.0,86493.68,21658.320000000007
33,realtime_county_pchDextS_both,315,0.0497785246640025,85962.0,211,24.955966243222516,-531.679999999993,0.19946542714017831,108152.0,86493.68,21658.320000000007
33,realtime_county_pchDextS_both,316,0.03986234915192077,86277.0,207,19.984590674907643,-216.67999999999302,0.19946542714017831,108152.0,86493.68,21658.320000000007
33,realtime_county_pchDextS_both,317,0.029719693365873653,86605.0,212,14.899671482911947,111.32000000000698,0.19946542714017831,108152.0,86493.68,21658.320000000007
33,realtime_county_pchDextS_both,318,0.019853827557553258,85374.0,210,9.953518182176294,-1119.679999999993,0.19946542714017831,108152.0,86493.68,21658.320000000007
33,realtime_county_pchDextS_both,319,0.00995397094578442,85501.0,207,4.99032393156989,-992.679999999993,0.19946542714017831,108152.0,86493.68,21658.320000000007
33,realtime_county_pchDextS_both,320,0.0,86303.0,211,0.0,-190.67999999999302,0.19946542714017831,108152.0,86493.68,21658.320000000007
33,realtime_county_rt_both,300,0.19946542714017831,108152.0,221,100.0,21658.320000000007,0.19946542714017831,108152.0,86493.68,21658.320000000007
33,realtime_county_rt_both,301,0.1894502677739567,105944.0,228,94.97899986488221,19450.320000000007,0.19946542714017831,108152.0,86493.68,21658.320000000007
33,realtime_county_rt_both,302,0.17945688041099267,104304.0,221,89.96891490617858,17810.320000000007,0.19946542714017831,108152.0,86493.68,21658.320000000007
33,realtime_county_rt_both,303,0.16942566195019768,104369.0,229,84.93986370436537,17875.320000000007,0.19946542714017831,108152.0,86493.68,21658.320000000007
33,realtime_county_rt_both,304,0.15948824985224339,100496.0,221,79.95784138579556,14002.320000000007,0.19946542714017831,108152.0,86493.68,21658.320000000007
33,realtime_county_rt_both,305,0.14954299910223864,99159.0,222,74.9718892372984,12665.320000000007,0.19946542714017831,108152.0,86493.68,21658.320000000007
33,realtime_county_rt_both,306,0.13947173628679213,97256.0,226,69.9227621981706,10762.320000000007,0.19946542714017831,108152.0,86493.68,21658.320000000007
33,realtime_county_rt_both,307,0.1296498750863202,94573.0,226,64.99867016814204,8079.320000000007,0.19946542714017831,108152.0,86493.68,21658.320000000007
33,realtime_county_rt_both,308,0.1196136466082482,93679.0,227,59.967107244197926,7185.320000000007,0.19946542714017831,108152.0,86493.68,21658.320000000007
33,realtime_county_rt_both,309,0.10969325029287465,91680.0,219,54.99361561830237,5186.320000000007,0.19946542714017831,108152.0,86493.68,21658.320000000007
33,realtime_county_rt_both,310,0.0994541606998636,90190.0,217,49.86035030019021,3696.320000000007,0.19946542714017831,108152.0,86493.68,21658.320000000007
33,realtime_county_rt_both,311,0.08902095181464008,89066.0,218,44.62976521343662,2572.320000000007,0.19946542714017831,108152.0,86493.68,21658.320000000007
33,realtime_county_rt_both,312,0.07976123490470931,87370.0,216,39.98749860979943,876.320000000007,0.19946542714017831,108152.0,86493.68,21658.320000000007
33,realtime_county_rt_both,313,0.0698009211200321,88113.0,210,34.99399475929135,1619.320000000007,0.19946542714017831,108152.0,86493.68,21658.320000000007
33,realtime_county_rt_both,314,0.059002030745024775,87398.0,214,29.58007890939412,904.320000000007,0.19946542714017831,108152.0,86493.68,21658.320000000007
33,realtime_county_rt_both,315,0.04977927275398005,86169.0,211,24.956341290662202,-324.679999999993,0.19946542714017831,108152.0,86493.68,21658.320000000007
33,realtime_county_rt_both,316,0.03983869025384136,88008.0,214,19.97272952261743,1514.320000000007,0.19946542714017831,108152.0,86493.68,21658.320000000007
33,realtime_county_rt_both,317,0.029911229181712972,87339.0,208,14.995696051472748,845.320000000007,0.19946542714017831,108152.0,86493.68,21658.320000000007
33,realtime_county_rt_both,318,0.019024587088823146,86390.0,207,9.537786754119168,-103.67999999999302,0.19946542714017831,108152.0,86493.68,21658.320000000007
33,realtime_county_rt_both,319,0.00990006834050111,86091.0,209,4.9633003986919695,-402.679999999993,0.19946542714017831,108152.0,86493.68,21658.320000000007
33,realtime_county_rt_both,320,0.0,86303.0,211,0.0,-190.67999999999302,0.19946542714017831,108152.0,86493.68,21658.320000000007
40,linear,300,0.1298605229751935,98060.0,204,65.10427638366193,11566.320000000007,0.19946542714017831,108152.0,86493.68,21658.320000000007
40,linear,301,0.12336749682643669,98379.0,211,61.84906256448027,11885.320000000007,0.19946542714017831,108152.0,86493.68,21658.320000000007
40,linear,302,0.11687447067767465,98844.0,211,58.593848745295986,12350.320000000007,0.19946542714017831,108152.0,86493.68,21658.320000000007
40,linear,303,0.1103814445289161,99978.0,209,55.33863492611345,13484.320000000007,0.19946542714017831,108152.0,86493.68,21658.320000000007
40,linear,304,0.10388841838015678,97504.0,212,52.08342110693054,11010.320000000007,0.19946542714017831,108152.0,86493.68,21658.320000000007
40,linear,305,0.09739539223139534,97829.0,206,48.82820728774656,11335.320000000007,0.19946542714017831,108152.0,86493.68,21658.320000000007
40,linear,306,0.09090236608263469,98084.0,206,45.57299346856297,11590.320000000007,0.19946542714017831,108152.0,86493.68,21658.320000000007
40,linear,307,0.08440933993387717,98725.0,212,42.31777964938095,12231.320000000007,0.19946542714017831,108152.0,86493.68,21658.320000000007
40,linear,308,0.07791631378511467,97421.0,210,39.06256583019644,10927.320000000007,0.19946542714017831,108152.0,86493.68,21658.320000000007
40,linear,309,0.07142328763635652,97607.0,207,35.80735201101411,11113.320000000007,0.19946542714017831,108152.0,86493.68,21658.320000000007
40,linear,310,0.06493026148759823,96972.0,205,32.5521381918317,10478.320000000007,0.19946542714017831,108152.0,86493.68,21658.320000000007
40,linear,311,0.0584372353388384,97734.0,208,29.29692437264853,11240.320000000007,0.19946542714017831,108152.0,86493.68,21658.320000000007
40,linear,312,0.051944209190078576,96022.0,212,26.041710553465357,9528.320000000007,0.19946542714017831,108152.0,86493.68,21658.320000000007
40,linear,313,0.04545118304131963,97642.0,209,22.78649673428263,11148.320000000007,0.19946542714017831,108152.0,86493.68,21658.320000000007
40,linear,314,0.038958156892556856,96370.0,213,19.531282915097982,9876.320000000007,0.19946542714017831,108152.0,86493.68,21658.320000000007
40,linear,315,0.0324651307437979,95125.0,212,16.276069095915243,8631.320000000007,0.19946542714017831,108152.0,86493.68,21658.320000000007
40,linear,316,0.025972104595038594,94600.0,209,13.020855276732332,8106.320000000007,0.19946542714017831,108152.0,86493.68,21658.320000000007
40,linear,317,0.0194790784462793,93661.0,209,9.765641457549426,7167.320000000007,0.19946542714017831,108152.0,86493.68,21658.320000000007
40,linear,318,0.012986052297519476,91876.0,212,6.510427638366256,5382.320000000007,0.19946542714017831,108152.0,86493.68,21658.320000000007
40,linear,319,0.006493026148759289,89985.0,212,3.2552138191829028,3491.320000000007,0.19946542714017831,108152.0,86493.68,21658.320000000007
40,linear,320,0.0,86303.0,211,0.0,-190.67999999999302,0.19946542714017831,108152.0,86493.68,21658.320000000007
58,linear,300,0.19946542714017831,108152.0,221,100.0,21658.320000000007,0.19946542714017831,108152.0,86493.68,21658.320000000007
58,linear,301,0.1959851819319293,107432.0,216,98.25521381918321,20938.320000000007,0.19946542714017831,108152.0,86493.68,21658.320000000007
58,linear,302,0.19250493672368005,107327.0,223,96.51042763836631,20833.320000000007,0.19946542714017831,108152.0,86493.68,21658.320000000007
58,linear,303,0.18902469151543067,107647.0,221,94.76564145754932,21153.320000000007,0.19946542714017831,108152.0,86493.68,21658.320000000007
58,linear,304,0.18554444630718275,106067.0,219,93.02085527673309,19573.320000000007,0.19946542714017831,108152.0,86493.68,21658.320000000007
58,linear,305,0.1820642010989321,106495.0,218,91.27606909591547,20001.320000000007,0.19946542714017831,108152.0,86493.68,21658.320000000007
58,linear,306,0.178583955890685,106346.0,218,89.53128291509964,19852.320000000007,0.19946542714017831,108152.0,86493.68,21658.320000000007
58,linear,307,0.17510371068243416,106612.0,214,87.78649673428194,20118.320000000007,0.19946542714017831,108152.0,86493.68,21658.320000000007
58,linear,308,0.1716234654741845,105666.0,216,86.04171055346482,19172.320000000007,0.19946542714017831,108152.0,86493.68,21658.320000000007
58,linear,309,0.16814322026593684,105609.0,216,84.29692437264872,19115.320000000007,0.19946542714017831,108152.0,86493.68,21658.320000000007
58,linear,310,0.16466297505768746,104443.0,213,82.55213819183173,17949.320000000007,0.19946542714017831,108152.0,86493.68,21658.320000000007
58,linear,311,0.16118272984943965,104226.0,214,80.80735201101555,17732.320000000007,0.19946542714017831,108152.0,86493.68,21658.320000000007
58,linear,312,0.1577024846411888,104550.0,214,79.06256583019785,18056.320000000007,0.19946542714017831,108152.0,86493.68,21658.320000000007
58,linear,313,0.15422223943293698,103995.0,211,77.31777964937964,17501.320000000007,0.19946542714017831,108152.0,86493.68,21658.320000000007
58,linear,314,0.15074199422468962,103201.0,210,75.57299346856368,16707.320000000007,0.19946542714017831,108152.0,86493.68,21658.320000000007
58,linear,315,0.14726174901643826,101994.0,213,73.82820728774573,15500.320000000007,0.19946542714017831,108152.0,86493.68,21658.320000000007
58,linear,316,0.14378150380819368,102088.0,212,72.08342110693116,15594.320000000007,0.19946542714017831,108152.0,86493.68,21658.320000000007
58,linear,317,0.14030125859994033,100897.0,213,70.33863492611219,14403.320000000007,0.19946542714017831,108152.0,86493.68,21658.320000000007
58,linear,318,0.1368210133916933,99230.0,209,68.5938487452964,12736.320000000007,0.19946542714017831,108152.0,86493.68,21658.320000000007
58,linear,319,0.13334076818344365,100196.0,209,66.84906256447928,13702.320000000007,0.19946542714017831,108152.0,86493.68,21658.320000000007
58,linear,320,0.1298605229751935,98060.0,204,65.10427638366193,11566.320000000007,0.19946542714017831,108152.0,86493.68,21658.320000000007
