FIPS,Dates of First Peaks,Dates of Second Onsets
31039,35,223
31109,33,152
72085,24,125
46099,27,188
21053,48,214
39063,28,196
48189,32,197
01027,34,188
39003,29,203
13189,34,195
55111,33,130
05137,37,180
41063,41,193
42007,31,153
28061,33,201
29083,33,204
08109,34,171
37037,33,139
40001,42,196
39085,17,133
51775,33,144
51121,40,132
47065,28,165
35035,40,173
01091,32,176
56023,33,166
29011,32,176
48057,33,173
51735,33,145
54075,33,120
48077,32,167
51095,29,134
31101,33,216
31137,36,177
22019,37,180
22111,33,194
40135,42,196
01049,37,200
36101,33,122
42053,35,216
22105,33,180
51179,26,139
26109,35,201
18073,26,190
13025,40,216
13171,28,202
18151,33,200
48361,33,202
39047,32,203
25015,26,126
21003,33,214
37001,33,146
20073,33,216
25025,26,116
16051,34,190
48177,38,180
47115,42,195
26007,37,118
21231,89,242
47185,42,202
48147,36,192
20043,37,195
48265,34,155
12053,37,169
12129,37,197
12131,37,183
28017,40,193
02130,42,139
26035,37,146
12127,30,169
40017,35,203
72115,24,121
13115,34,202
32001,44,195
17067,40,193
46067,34,160
41013,40,165
50011,33,112
26103,33,139
09007,26,134
37057,33,202
17025,34,193
29117,43,204
42117,32,139
31043,33,216
26089,33,132
51181,26,144
48391,32,188
39017,29,196
13273,40,195
13063,29,181
56013,40,166
18115,36,209
13073,34,188
42043,27,153
46101,34,237
54079,33,193
34037,22,128
18123,35,209
28145,40,193
27095,41,132
38099,38,187
39115,31,161
39133,17,140
56041,36,166
32013,41,174
48247,36,173
41005,33,130
05113,35,189
13193,28,202
18007,33,211
47129,42,215
24047,27,138
17185,33,189
18069,33,204
21209,33,221
19053,42,188
18169,33,195
18003,33,195
18099,33,188
48127,33,176
27045,37,130
45023,34,194
27073,48,217
49005,36,161
55093,33,130
13049,40,181
13233,26,202
17113,33,123
23001,58,130
16055,43,169
32003,33,209
20147,37,209
31089,33,162
29101,33,190
55063,33,130
22021,33,96
21061,48,214
17005,33,152
17009,34,235
27085,41,139
55033,33,126
29123,35,197
48353,36,197
42127,29,139
36091,28,121
48041,31,179
40095,42,196
24001,27,208
54103,33,242
55053,33,207
41007,33,140
53041,40,155
36003,33,127
19031,35,139
18117,33,169
13089,26,153
13227,34,195
30015,40,190
47013,42,209
37069,33,146
24510,22,134
20111,33,146
19027,42,188
47123,42,216
19151,35,160
16045,48,190
05063,41,195
05085,34,182
18111,33,201
13119,34,209
12051,30,197
48245,33,195
08067,28,158
48027,38,187
28069,33,217
05019,28,173
41035,40,174
36075,28,99
72105,19,127
01019,34,200
48019,33,187
30087,65,225
26153,35,146
36111,25,121
34007,25,135
17083,33,179
51085,33,137
26003,33,180
05049,34,179
48215,34,187
37155,33,160
26123,35,139
41049,35,173
27153,41,217
05083,35,188
37109,33,174
05091,34,190
12095,30,155
16041,40,162
13045,26,195
20161,42,195
51167,43,221
37027,33,202
16065,34,169
18173,33,174
21001,48,207
21077,33,207
21097,36,165
23023,55,126
48181,36,191
42059,35,216
02188,49,195
20051,33,209
01065,32,179
01105,32,179
01033,32,189
20151,33,174
21017,48,179
47149,35,180
13075,34,202
17147,26,111
48107,33,201
72053,24,126
01063,35,179
19109,28,195
72151,24,124
37063,33,132
19085,35,188
19187,35,209
47159,42,174
51089,33,158
51510,19,132
19101,42,181
30049,40,169
49013,41,189
40003,35,238
48119,31,189
47169,42,214
21193,48,214
41029,33,153
72067,21,123
48507,33,181
19121,35,195
12011,23,155
13279,40,202
26151,33,229
48397,32,187
26163,26,132
27105,41,210
27001,41,124
38071,42,203
37145,33,195
28151,33,193
48133,33,203
48123,33,187
48005,33,193
45081,34,208
29125,35,183
05001,35,181
29109,36,183
51540,33,132
17011,33,174
39145,32,196
37115,48,146
16053,79,195
39163,32,210
48309,33,113
19089,35,132
12099,23,225
13181,34,216
01013,32,182
47165,28,179
51097,33,203
05015,35,181
51820,33,116
02220,35,118
41051,33,124
47061,42,195
27057,41,210
36089,30,110
29179,42,197
06067,33,144
39125,33,189
18179,33,197
51063,33,291
06083,33,145
54005,36,179
28009,40,228
21055,33,158
19147,28,216
37151,33,202
24015,27,138
18171,36,218
31095,33,166
31151,33,216
21119,48,214
19045,35,202
27063,41,203
27039,36,123
27047,34,231
06009,36,158
25001,26,126
51119,33,158
42065,32,146
18089,26,134
47003,42,197
47027,42,203
17029,33,200
47097,35,173
41001,37,179
36097,29,105
26159,33,208
17131,33,138
21127,48,221
21175,48,228
21177,33,193
17049,33,187
47105,42,202
15003,29,146
12041,44,197
18157,33,123
42109,34,146
48277,33,196
12086,23,155
48289,32,187
08097,19,161
38035,34,169
18091,26,141
18057,33,134
51595,40,231
40081,35,196
13145,34,188
13251,34,195
72127,18,125
39069,30,217
33009,33,116
29145,43,169
18129,33,195
17035,35,214
13297,26,195
27121,48,139
51157,26,97
51009,33,160
06111,33,151
17033,35,188
08093,26,152
06037,32,158
04027,33,202
13129,34,216
19025,35,167
12055,37,197
51580,99,153
50017,64,125
20113,35,202
04021,37,98
39051,32,217
08003,34,161
12017,37,183
72051,24,125
47041,42,195
42031,35,146
18031,36,209
18037,33,207
51057,29,144
45089,34,188
36031,28,125
19195,35,188
40063,42,196
51027,40,280
51005,40,180
28087,40,190
18143,33,201
08099,36,175
72121,28,130
40101,42,196
29043,35,169
72039,24,120
28073,33,193
18137,33,204
38057,35,172
13147,34,202
22049,33,189
51133,26,130
48157,26,160
55047,34,118
30073,48,197
55127,34,134
17057,33,147
36103,18,126
18161,33,179
29119,34,204
31157,35,216
35047,33,165
01081,32,188
48367,33,193
38003,41,200
27143,41,134
13293,27,195
06097,33,138
26033,33,139
16019,34,190
13013,29,202
13183,40,216
40115,42,189
42033,36,146
26037,35,132
72133,24,127
17135,33,179
28003,33,193
28071,33,190
22043,40,172
29005,50,190
17115,33,158
26149,35,215
17055,33,187
31001,33,216
27109,36,127
34039,18,132
72139,24,122
01097,32,179
46087,27,223
01057,35,224
01017,32,186
37131,33,174
08081,33,160
21087,48,214
18047,33,214
37013,33,209
72073,25,126
38015,34,176
37159,33,195
26071,33,229
27067,37,132
21237,48,228
48149,33,190
46081,34,181
23029,69,281
26131,33,215
28015,33,173
41003,35,130
27133,41,196
42063,32,146
22061,33,190
42099,30,167
48203,33,179
26013,35,153
40131,35,189
29019,33,130
72097,24,128
40015,42,196
08059,26,146
54011,33,144
05141,34,189
08117,20,157
20035,33,209
05071,36,191
51045,36,222
48083,31,210
02290,40,174
04017,36,188
28085,40,200
48357,80,197
56003,44,173
47081,42,186
28143,33,158
29081,0,204
72029,24,127
18005,33,195
13223,26,181
39015,35,203
47141,42,195
38101,35,160
25027,26,127
39091,32,203
06031,37,175
06073,34,159
72123,28,125
13079,34,216
72103,28,128
29037,33,169
36027,25,126
48477,31,187
08101,33,160
29067,38,204
38009,44,155
37051,33,202
26001,33,139
06061,33,144
05129,36,177
48305,33,214
36077,33,118
37153,33,195
37093,33,160
31131,33,216
45035,34,166
27161,41,147
46015,29,209
47177,42,195
17023,35,189
47095,36,171
45015,34,173
05051,36,180
20139,33,195
39155,25,210
42019,29,146
16049,40,174
20115,33,209
51029,40,103
37025,33,160
29225,37,176
49011,33,161
27033,34,217
12093,37,197
13291,40,181
19013,35,209
48403,32,180
39131,32,210
01125,32,172
01131,32,190
28097,33,193
31099,40,117
10003,29,137
16081,33,160
17161,33,152
51073,33,144
05133,34,190
18017,36,204
16077,40,200
18015,33,204
42101,26,137
56043,48,166
37029,33,146
36109,11,99
05069,29,181
05079,34,186
55123,35,127
29093,37,190
48223,20,197
36001,25,120
48225,41,203
39111,34,203
18107,33,188
21129,51,214
27071,48,138
48029,33,175
08013,26,134
47089,42,202
40097,42,196
27165,48,217
16013,28,174
22053,33,180
08031,26,144
40029,49,210
18051,36,188
17093,26,131
11001,20,138
08085,33,157
27171,34,131
55059,27,137
08037,19,152
06075,33,137
08113,19,173
02020,37,174
12109,37,169
28019,40,137
29079,43,162
26085,44,139
26139,33,139
17031,26,130
45047,34,217
20059,26,195
27027,41,130
47075,28,188
49003,36,182
28139,41,190
54051,33,193
54035,33,182
16039,61,160
24005,23,138
38005,42,197
29163,33,183
39087,35,196
29201,37,204
39001,34,203
48143,33,196
13137,40,195
13319,34,188
54061,33,144
39033,28,210
12027,37,183
09011,26,130
39059,32,210
26015,33,139
29209,37,183
51760,33,144
37169,33,202
19039,42,209
19065,35,209
06041,33,137
48381,34,182
48401,33,203
19181,35,153
39161,35,203
12043,37,197
13199,28,195
48099,37,191
19001,35,195
13053,93,209
06043,33,152
29089,33,126
41047,37,144
55079,26,131
27139,34,131
39129,32,203
51145,33,175
08014,26,140
47099,42,201
26009,33,131
45069,34,188
16009,89,188
17103,33,137
31127,35,113
37031,33,167
20149,33,195
26075,33,132
48091,33,187
25019,28,123
45009,34,188
48007,42,187
13019,34,209
18165,33,188
26143,37,139
37005,40,146
06035,42,155
51610,26,134
12081,37,169
39119,30,203
08015,29,148
08025,35,165
08043,33,161
28109,40,193
28111,40,193
31041,35,158
12013,37,211
21117,33,204
19037,35,209
17037,26,130
38089,41,179
26095,33,139
40019,42,203
37139,33,202
35055,33,161
28011,40,190
32023,42,167
47073,42,215
42057,32,209
22055,33,173
48237,36,138
17175,33,147
40055,42,224
16069,40,173
46129,34,167
06055,33,144
40033,42,203
29221,35,197
36011,28,97
48407,32,187
19061,35,146
51075,26,138
20181,35,209
39139,25,210
17001,33,174
39021,32,203
33019,33,123
17075,33,152
19157,35,132
39169,25,210
13113,26,160
13141,29,209
48259,33,156
36039,25,125
51137,28,137
40089,42,217
13277,34,195
31025,33,216
56009,37,173
36043,28,110
26053,35,187
27005,48,217
01095,35,182
47173,42,209
54057,33,144
55003,35,145
17053,33,139
06089,36,175
22113,33,181
05121,36,189
55085,33,151
22035,33,193
22037,33,179
22087,28,147
48481,32,187
02198,49,160
48153,32,199
21151,36,207
47009,42,201
30031,33,148
45031,34,166
01053,32,182
13143,34,202
20001,33,181
17041,33,169
51079,28,137
55137,34,130
05065,35,181
06053,42,154
35017,33,158
29131,34,183
37193,40,188
02110,33,139
29165,33,148
29021,33,197
01083,32,179
18065,33,179
31143,35,116
39123,25,203
27107,41,125
19165,42,195
24013,26,138
19011,35,146
21159,48,221
27025,41,131
42015,30,120
54029,33,140
29051,33,169
26021,33,139
42061,35,216
31045,33,113
51141,40,214
26119,35,125
26135,33,139
35007,33,175
17163,26,144
17189,33,174
42009,29,146
05127,35,194
20099,35,244
42073,29,209
39067,29,245
37003,33,209
34009,21,133
33005,33,130
27089,48,217
51101,33,158
08055,33,174
48255,37,215
47023,42,181
49027,36,168
49029,36,161
48257,32,187
04011,36,202
04013,33,160
26129,33,139
47087,42,200
17159,35,188
01009,34,188
48131,39,190
29173,33,176
48251,33,192
41023,34,194
41011,35,158
48159,36,111
36113,28,124
51113,33,165
40005,42,203
17129,26,147
13015,26,209
12069,30,169
40111,42,203
18049,35,207
20091,33,146
24009,25,138
55129,33,130
53031,33,137
72003,24,126
27169,36,134
28149,33,193
29003,33,197
29139,36,204
20021,37,167
37083,33,195
35043,33,154
21051,48,221
42035,30,146
41043,40,137
55065,33,130
40147,42,196
54077,33,146
55135,33,137
41037,48,204
29153,37,197
48473,31,187
01099,32,193
50009,33,147
51111,36,161
38097,34,176
13139,34,195
13283,40,167
13037,40,202
55125,33,158
27007,41,224
72043,24,127
72055,24,133
24019,27,145
42037,30,139
39023,32,203
48323,33,196
04019,37,160
35006,37,158
34005,23,133
50021,33,130
13099,34,195
25007,26,133
38049,37,141
31179,33,116
33007,40,139
48273,37,187
18127,26,134
28101,40,200
37163,33,209
47127,42,226
12103,30,169
72019,24,128
17065,33,187
05105,36,188
08029,37,159
19185,42,160
48165,32,86
01093,37,190
37189,40,125
51770,33,141
48317,33,198
48037,37,189
49057,33,158
29127,33,197
36045,33,121
19097,35,167
36019,33,119
08045,26,158
29177,33,183
39073,32,217
01085,32,188
13043,40,195
19113,35,146
06105,40,189
13215,34,188
28135,33,193
20005,33,160
72081,24,126
48003,34,204
39109,29,196
48375,34,181
40133,42,203
45003,34,188
06045,36,144
51550,26,140
72153,24,130
56037,40,166
48169,37,76
54031,33,217
72001,25,133
55089,26,130
47163,42,209
45059,34,217
56011,40,173
55117,33,137
25013,26,130
48055,32,178
20029,33,195
06027,33,179
01037,32,189
19059,35,188
21095,48,235
20061,33,202
42011,27,146
47019,42,207
27083,34,224
51037,33,221
47179,49,211
45071,34,201
51093,29,144
29023,34,197
22047,28,158
51061,26,144
51750,40,138
32005,37,160
12037,44,183
18055,33,188
18139,33,195
55131,26,133
29105,35,183
42085,30,146
05031,27,180
29195,33,197
17193,33,200
17039,33,137
32033,42,167
27049,41,124
37173,35,132
12101,37,169
12119,37,169
36059,18,123
18163,33,190
29071,33,162
37011,33,209
54107,33,200
55007,34,138
47161,42,195
55097,29,133
45063,34,194
24003,23,137
55039,33,130
54101,43,193
55061,27,130
48369,31,187
40151,42,182
21063,54,221
25003,33,127
29041,37,190
08103,40,179
08087,33,182
41045,41,188
34023,21,131
20167,33,223
17155,33,139
47111,42,230
05023,34,195
01109,32,190
25005,26,130
42107,30,146
37045,33,195
05059,36,190
24021,27,138
17169,33,176
06051,29,144
06109,36,175
35013,33,179
13081,34,202
05027,30,188
06095,33,145
19043,35,174
48449,32,201
54027,33,200
37125,33,153
20009,40,209
22083,33,189
22099,33,172
01119,32,179
01133,37,202
12117,30,155
28035,40,193
26065,33,132
20177,33,195
27061,41,139
08073,35,147
36053,28,100
36115,28,126
18081,33,200
48445,45,98
01121,34,189
55067,33,138
19021,42,223
19129,42,188
39041,28,140
37067,33,146
32510,37,76
19049,35,146
48065,31,204
13261,28,202
29223,34,197
45007,34,194
56007,40,173
30093,37,176
17177,33,139
26087,33,139
22027,33,196
28161,33,190
72093,24,133
26079,35,139
72005,24,128
22039,33,189
47069,42,175
04003,39,174
06071,33,172
08083,37,160
28023,40,200
19125,35,167
31055,33,153
51600,26,130
29039,35,211
13059,29,181
16085,41,148
05103,29,181
39037,35,203
40071,42,196
46041,51,223
41057,40,139
13077,26,174
28127,40,193
28131,40,200
06013,33,144
47017,42,187
51087,26,133
18119,33,141
36119,18,121
29017,36,183
54047,50,193
54033,38,147
37077,33,153
09009,26,132
31139,36,216
13023,34,216
13033,40,209
17181,33,165
17091,26,144
31141,33,216
37185,33,160
72009,24,127
13197,40,202
46027,34,181
10005,29,137
13159,26,195
29175,34,218
20015,33,181
48209,31,162
48325,37,174
26105,37,201
45013,34,180
46135,34,181
55105,28,132
45077,34,194
18023,33,204
17027,33,153
16067,77,195
42113,31,132
28121,33,193
41039,33,137
48485,32,109
26155,33,139
20123,35,202
12007,44,197
28091,33,193
28039,40,193
17085,33,141
18059,26,188
51620,33,158
48329,34,194
30013,48,183
51660,33,144
17199,33,167
30029,65,176
72111,24,133
20189,33,181
21067,33,207
21091,33,207
46013,34,202
54001,42,144
47181,42,202
31013,35,216
42097,31,139
48469,33,191
51530,40,165
26147,32,132
31173,40,221
51067,33,203
40011,42,196
53037,33,167
18135,33,200
49025,41,161
54093,36,202
72113,24,127
55023,33,228
01071,37,194
19123,42,202
20045,33,119
21059,33,200
21197,41,207
29097,43,169
41061,40,153
13151,26,174
37137,40,188
21083,33,172
42021,31,209
47107,42,195
26093,33,132
08001,26,149
42069,29,139
40123,42,203
40037,35,203
48457,28,181
47175,42,209
40125,42,196
09013,26,130
35053,33,158
13003,40,132
12031,30,169
48145,31,189
05149,36,195
21113,33,200
21171,40,207
40075,42,210
46079,34,209
37033,33,146
48377,32,127
39057,32,182
48489,33,172
72021,24,124
35028,33,161
02122,49,188
01003,32,169
19007,35,237
51127,33,134
13263,26,202
36049,30,120
54015,33,176
18077,35,239
51019,33,137
31011,40,216
29149,32,239
47083,42,228
42131,29,139
37107,33,202
18167,33,190
18039,33,204
51077,47,214
48303,33,194
27093,41,210
39005,28,210
31119,33,216
12085,30,155
13085,29,188
13167,34,202
05095,34,191
29059,34,183
51143,33,146
20145,33,174
20209,33,195
12029,44,197
26157,35,139
02240,49,174
22097,33,180
47055,42,200
39095,25,126
05093,30,189
72117,24,127
18043,33,158
21081,33,211
21217,48,179
37075,40,202
54045,42,200
54073,33,188
51071,40,221
54019,40,189
53061,33,130
35015,33,196
31145,35,216
47085,42,194
17125,33,140
51197,40,186
13303,34,202
53077,33,190
05143,34,181
48213,39,197
55035,34,125
47153,42,195
48471,32,134
04005,33,167
20191,33,209
26127,37,139
27065,41,130
39007,17,133
48167,31,166
01011,26,182
17105,33,137
39135,32,189
39079,35,210
48201,26,170
25017,26,123
72145,24,127
48115,28,97
36069,28,112
01001,33,179
20121,33,160
13091,34,195
36023,29,100
13039,40,174
26161,26,125
18087,33,223
48371,33,214
13225,34,202
13311,34,195
13163,28,209
55083,34,193
48347,33,196
44009,35,146
53047,48,165
53063,33,155
55041,33,155
55113,29,193
34017,22,135
39151,25,203
48187,33,173
53029,33,130
54037,26,140
51153,26,138
42029,23,139
54055,40,197
47145,42,197
53009,33,137
53065,40,162
19177,35,181
28095,40,193
12033,30,183
48439,33,193
24033,22,138
51169,47,208
48239,33,192
40085,35,203
13289,26,202
39099,25,147
01087,32,190
17191,33,183
48437,97,189
29151,34,176
17089,26,130
06017,33,148
45055,34,188
37073,33,209
08089,35,161
41019,42,159
42089,24,146
05101,34,188
40103,42,196
22077,33,173
31067,36,216
01115,32,175
28123,33,200
13095,40,188
18061,37,174
16017,49,165
13047,34,216
22059,33,193
23027,55,127
24027,23,137
49035,33,154
09003,26,130
09015,33,132
12087,30,169
39157,28,203
36085,20,130
39071,32,196
16011,36,174
72023,21,127
72069,24,125
72077,24,124
45045,34,188
55121,33,130
06113,33,158
48495,38,203
49041,36,189
51036,33,231
01023,32,169
18083,36,176
31047,33,174
20057,33,195
38105,35,190
38017,34,146
48163,37,188
19103,35,139
20133,33,181
21089,33,207
20107,33,202
05013,35,187
02090,37,167
21101,33,207
28051,33,193
28105,40,193
72037,24,130
72047,24,121
30027,51,232
24023,27,162
22119,33,187
26059,37,201
21141,33,187
46033,34,167
33013,33,125
42133,21,146
37161,40,195
46005,34,181
01043,35,180
13097,26,174
31097,35,113
37187,33,188
37007,33,181
31003,33,117
29073,35,176
21031,48,221
56005,40,180
13211,26,209
05037,34,180
05107,28,182
22093,28,161
06115,33,151
01117,32,172
35009,33,175
40149,35,210
37135,33,132
18131,33,214
26019,33,132
36029,25,119
24031,24,137
51685,36,153
51013,19,130
51035,40,207
29183,26,148
06069,33,154
24035,27,140
20013,35,134
13031,34,202
21071,48,207
30007,48,211
13309,47,160
37049,40,202
41009,40,130
45041,34,180
38061,34,169
49053,36,174
30003,49,218
42047,31,146
28031,33,193
72099,24,128
18013,33,190
18019,36,176
21021,48,165
21065,48,214
48089,33,173
17063,26,130
27081,34,217
13109,34,195
48497,33,192
02050,42,223
13169,34,181
13135,28,167
55095,33,123
55045,33,130
72107,24,134
36079,28,122
51700,26,144
08011,42,167
40065,42,196
30089,40,176
05047,34,194
40093,35,196
47125,42,195
53051,44,181
38055,35,197
41027,40,144
19197,28,195
48419,33,195
29055,33,204
27111,48,217
22075,28,141
28115,41,193
22067,33,193
21029,33,214
01047,32,193
48093,32,85
30053,41,190
72129,24,127
72135,19,125
27021,48,139
08007,29,158
28163,33,193
55087,33,132
29107,33,183
37195,33,202
39117,29,210
05033,34,182
48053,33,187
29186,33,169
48179,31,193
17109,33,193
19137,42,195
05067,34,182
22079,33,183
31111,33,172
48067,42,196
47079,42,190
51840,26,165
37061,40,209
37087,40,153
27037,34,131
41025,48,200
72095,24,130
55001,35,137
29045,34,148
21015,33,204
21229,36,187
22009,33,187
28137,40,190
26057,37,139
19175,42,202
17127,33,160
31121,33,216
31161,35,216
56025,35,180
13321,34,195
18109,33,190
48139,31,187
13229,40,202
18053,33,195
12035,37,169
28077,33,193
22127,33,193
17073,33,137
41041,40,139
23031,55,130
46029,34,195
13231,34,195
13259,70,167
34025,21,129
05021,37,184
05045,30,174
40041,42,189
19107,42,209
17061,26,193
27075,41,133
13285,26,202
06023,33,134
47043,42,195
27003,34,131
46009,27,216
47059,42,206
51183,33,166
18141,33,134
38067,37,141
22115,37,187
23019,64,126
24041,27,138
13257,40,209
06065,33,162
05005,35,175
28007,48,193
19169,35,153
20011,33,188
51049,33,141
45085,34,153
54109,42,193
06029,40,169
48097,33,198
45075,34,188
55119,33,208
27099,34,127
27101,35,166
44007,35,139
29161,33,183
28117,40,193
21235,48,228
18149,33,214
48491,33,187
72109,24,123
19131,35,125
13107,34,195
22025,33,194
42025,30,146
47171,49,228
45083,34,194
55073,33,130
32007,40,188
54007,33,180
26165,42,146
42013,31,146
29085,34,197
29009,37,183
27123,34,131
05081,34,194
32019,40,160
12071,30,169
41033,40,158
72091,24,121
28113,40,200
47031,42,201
16059,34,188
21183,37,200
31153,33,155
13071,34,202
27167,48,158
17157,33,173
23011,64,125
51173,47,214
35041,34,207
42111,31,202
51191,40,195
37081,33,139
16001,57,162
40039,35,210
39101,32,196
17149,33,180
17203,26,144
13245,28,188
01107,32,231
17145,33,194
19075,42,209
08107,23,151
34035,22,128
06011,43,169
17087,48,210
16031,64,202
27059,41,132
42049,30,146
28029,40,190
48467,33,196
51161,33,137
51015,33,140
21161,33,221
27009,37,133
12005,37,183
01077,35,193
18045,36,209
17173,33,193
17051,33,189
39127,32,203
51590,33,195
13011,34,216
13305,40,216
40109,42,189
40069,42,210
37099,40,132
49043,26,140
29167,35,176
32015,47,195
19191,35,139
21023,33,95
54087,33,173
27159,41,210
51670,33,204
17201,33,133
04007,38,216
24045,27,139
21043,48,207
37097,33,153
51083,33,140
37091,33,202
36057,29,125
27113,48,125
53073,33,130
34029,22,132
05009,34,177
40031,35,203
48253,33,200
48185,33,180
26049,33,139
22007,28,165
28013,40,217
28041,40,190
30017,41,211
46109,34,216
17141,33,137
38077,38,208
55005,33,209
55051,40,172
27157,41,125
06015,48,140
40127,42,203
53007,40,146
26141,33,146
40027,35,196
36105,25,124
37149,33,195
37165,33,160
37085,33,202
37105,33,160
18159,33,195
20027,33,209
40145,35,196
30083,37,211
05003,36,180
05041,34,182
72147,24,127
47135,42,181
27163,34,131
51740,26,152
42051,31,216
54023,33,223
51171,33,204
29025,38,183
12107,37,183
18025,33,204
29111,34,190
72087,24,116
17139,33,195
21107,36,214
16035,35,193
21013,48,214
27035,41,134
72011,24,126
04009,38,216
05123,29,173
12065,37,197
72041,24,125
28005,40,190
05097,36,189
26025,33,132
01029,35,252
08123,33,148
40009,42,210
06049,34,193
19153,35,146
13179,34,216
48349,33,187
48047,38,191
47187,42,146
56021,33,166
53003,35,176
17017,33,158
13247,19,174
42067,37,182
42083,34,146
40049,35,196
31021,33,216
35045,40,173
36073,30,119
22031,33,167
06019,36,172
13105,34,223
01005,32,189
37017,33,202
48111,43,216
17167,26,144
40035,42,203
47035,42,190
26137,35,138
19161,35,209
49015,34,182
53019,47,174
35027,33,183
40021,42,189
27173,41,133
48231,33,195
48335,42,196
48499,38,198
40113,35,182
37039,33,202
26107,37,139
21195,48,207
12067,44,183
37035,33,195
21025,48,207
48075,57,187
29181,35,204
17179,26,137
51678,40,146
05135,42,168
08069,33,147
27131,37,131
29219,33,155
21227,33,165
22017,33,180
46121,34,216
19127,35,209
40141,42,210
37113,33,202
54063,40,207
18155,35,230
01061,46,182
17099,33,134
19055,35,160
20127,33,237
19051,35,160
16015,41,188
55081,33,130
37143,33,216
12047,37,211
02170,42,188
18035,33,165
12075,44,197
72063,24,126
72065,24,125
28045,40,193
13315,40,209
22081,28,189
47093,36,181
23017,56,138
29095,33,173
13281,40,195
28129,40,193
16075,48,193
16079,49,190
37095,40,146
19067,42,216
21145,33,165
21225,33,207
46125,34,181
47029,42,202
47067,42,230
47071,42,179
45067,34,188
72057,24,122
22117,33,189
29207,34,211
13093,34,209
27145,37,133
31155,33,216
27141,35,134
46035,34,202
47025,42,229
48337,37,196
48049,37,103
55101,27,137
55115,33,131
19009,35,216
48207,36,199
40083,35,196
36065,28,111
08065,26,161
40121,42,203
54017,42,210
54105,33,214
33003,33,123
54095,38,209
27079,41,130
53017,40,137
36009,33,126
55027,35,193
19105,35,202
29169,35,183
01045,32,189
06039,36,162
29075,34,211
56031,40,173
37071,33,174
37101,33,146
06085,33,141
45019,34,153
53005,35,174
29001,35,169
39043,22,196
17183,33,173
29189,27,140
17007,33,137
06103,36,172
55025,34,127
22085,28,193
17137,33,158
13235,34,223
37015,33,209
37167,33,202
47143,42,188
37079,33,202
21131,48,214
24039,27,141
17123,26,174
21143,48,207
47133,42,195
26063,33,139
26069,33,139
13069,40,209
13299,40,216
22051,28,152
22103,33,155
19083,35,153
22023,33,193
39027,32,203
27137,41,138
39093,19,140
72143,24,127
19015,35,216
48373,38,187
31051,36,116
24025,27,137
45037,34,194
51001,33,172
55015,29,130
21121,48,221
26067,33,139
37129,33,167
47131,36,174
21035,33,165
51003,33,98
47147,42,193
51043,26,148
21109,48,221
27031,34,126
45073,34,201
22033,28,160
28021,33,200
24037,27,139
26081,33,139
37147,33,160
30009,42,197
31167,35,113
13001,34,216
19099,42,153
28153,40,200
51081,33,238
12105,30,169
48503,34,133
01123,32,190
33015,33,123
08105,34,163
19149,35,202
36123,28,115
53033,33,130
41017,33,137
19155,35,181
29229,35,190
36107,29,115
48287,37,192
13121,26,153
48073,33,198
29007,33,197
45029,34,194
55055,33,130
05055,34,180
55013,34,138
35057,33,158
53049,40,116
37141,33,195
48221,39,196
32031,33,160
21007,33,95
48009,33,174
48405,32,120
13249,40,195
09001,26,130
48313,31,127
06077,33,147
28159,33,190
21103,33,207
21167,33,200
21135,48,214
27051,41,126
28053,33,190
01025,34,197
21221,48,207
01069,32,179
24029,27,139
20037,35,195
27023,48,139
46103,34,167
45049,34,188
16043,34,183
13029,40,209
51053,33,155
12111,30,169
36055,25,111
46083,27,167
55017,34,125
21157,37,179
13065,34,209
13185,34,195
15007,33,139
26099,26,132
13287,34,202
17079,33,197
48331,33,191
18147,33,190
21099,48,214
21137,48,165
30005,50,211
51710,26,144
48389,33,182
51155,40,306
37179,33,146
38053,35,172
12091,37,169
06001,33,140
18085,33,200
28103,33,193
05147,35,203
34015,25,135
33011,33,123
37121,33,160
30077,43,197
41053,36,140
41065,41,152
19173,42,209
01129,32,181
39039,32,224
54025,38,137
17121,33,179
51051,40,189
51007,33,200
13243,34,195
35029,40,169
48355,33,180
56045,41,187
72137,24,122
17187,33,182
01089,32,167
47189,42,167
48063,32,202
40067,42,119
54085,38,209
19145,42,209
20087,33,188
22045,28,181
02158,42,181
37133,40,202
27043,41,140
47057,42,200
48161,33,187
42087,37,202
01041,32,180
51520,40,200
48399,33,110
20193,35,160
13161,40,223
19035,35,209
05145,34,180
28083,26,173
29053,34,211
26043,33,215
17197,26,130
48117,45,203
46011,34,167
29047,33,162
28027,33,173
18011,33,146
19057,42,202
19163,35,153
20143,35,209
12023,44,197
12059,37,183
28047,40,193
72141,28,130
47011,35,188
27017,48,131
48315,38,193
36095,28,119
40117,42,196
36007,25,111
48291,33,187
39009,32,245
39081,30,203
54083,42,152
54049,33,144
34011,28,137
06057,33,147
55031,35,132
21199,48,207
37065,33,209
48241,33,195
49001,36,168
13213,34,202
18075,37,200
26117,37,146
36083,25,119
12021,30,155
35031,35,168
13017,40,202
05077,30,194
12003,44,211
13173,34,202
20159,33,188
01015,35,245
28059,33,193
21037,33,158
21057,48,207
28107,33,193
48195,44,198
48071,33,179
48199,33,202
09005,26,130
39143,28,210
23021,64,130
17153,33,194
40107,42,203
26145,33,139
35039,33,146
50005,89,147
51023,33,207
17119,33,144
48085,33,187
45001,34,194
31053,33,216
12115,37,155
55077,33,144
04015,34,181
04025,37,181
45051,34,159
42091,25,146
72013,24,121
34027,22,129
29211,42,176
48039,26,173
51790,33,138
39113,32,196
13221,30,195
05029,35,176
29147,33,197
38073,41,214
26017,33,139
47157,26,146
06007,33,158
27115,48,137
48021,31,187
53039,44,199
53055,33,132
55009,33,134
20205,35,202
22069,28,189
22109,28,172
13155,40,202
02185,49,195
26011,37,132
19111,42,216
26047,33,132
19071,42,202
23015,55,124
36099,28,103
21125,48,214
47121,42,202
29213,33,183
13269,29,209
51830,29,124
48415,31,193
08047,23,152
40087,42,203
54071,37,137
51139,29,214
40079,42,203
54089,42,189
37119,33,146
34013,18,129
29115,57,176
13209,40,195
13133,26,195
48135,33,198
48293,36,193
53027,40,141
54003,26,147
72149,24,123
30067,48,159
48121,33,180
45021,34,208
37199,27,111
48387,32,194
48321,31,173
27149,37,145
13301,34,195
17133,33,146
13165,40,160
21085,48,200
48363,34,196
13149,26,202
01079,32,200
72061,18,122
28093,40,165
22013,33,187
13295,40,153
19095,35,146
31019,33,216
40007,35,203
19023,42,209
30085,51,218
72017,24,126
53015,33,153
48297,38,190
29135,35,204
51193,30,202
37197,33,209
06047,33,165
37023,40,202
37191,33,85
42123,34,139
05061,30,195
37059,33,153
37111,40,188
05099,34,189
08125,33,155
48463,33,195
39011,32,203
22015,33,165
19063,35,223
20169,33,195
21153,48,214
48017,28,83
29027,34,176
56001,33,166
56029,40,166
42093,31,139
36081,25,127
12121,37,211
26031,33,139
26051,33,139
21173,48,95
45057,34,153
21123,37,200
19193,35,202
12123,44,197
17003,35,168
29099,33,155
29113,33,183
13051,34,167
12125,44,197
36037,28,120
19041,35,209
23005,55,127
48013,33,183
20095,33,167
13241,34,195
54097,38,153
29215,43,190
05119,28,175
19047,35,195
16005,37,176
39055,18,133
72035,24,125
06107,36,172
72015,24,125
72125,24,124
36117,29,113
51163,40,229
42045,22,146
36063,28,122
50003,33,124
12019,37,169
37183,33,139
39061,25,161
34003,22,127
32017,42,265
02180,49,216
19019,42,209
17043,26,127
46047,40,174
13219,34,160
48493,33,177
31059,33,109
12079,37,197
72031,19,121
18153,33,202
04012,36,181
13027,34,202
02016,35,167
02150,37,181
13271,40,230
26115,33,139
18181,33,204
18113,33,200
21139,42,207
13201,34,195
47103,42,174
21211,33,200
31185,35,216
42001,20,146
45005,34,208
47037,28,144
49047,41,196
49049,33,161
18021,33,174
36047,20,130
29141,34,190
39075,32,217
19143,35,230
18079,33,211
16083,77,188
17165,33,193
26077,33,139
45061,34,153
56019,35,166
18027,33,207
26055,33,132
22003,40,187
46065,34,188
45027,34,188
30095,42,169
47007,42,229
21219,33,214
47183,42,181
29077,35,169
42077,24,139
31159,33,162
36015,28,119
36121,28,119
06099,33,154
42095,24,139
01103,32,186
21027,33,214
28043,40,190
21213,33,207
50013,33,113
39029,25,210
51125,33,144
12097,30,155
05053,35,181
13175,34,181
36061,18,107
05007,34,169
72071,24,130
12083,37,183
51135,33,102
34041,23,201
36021,25,126
51690,33,306
40023,42,203
20041,33,195
48427,35,194
13103,40,223
55103,36,125
35025,33,197
01075,37,193
72054,24,123
47117,42,202
51011,33,179
05087,35,175
56033,40,166
42041,30,146
42055,20,202
42079,30,139
26039,35,139
01113,32,181
39019,25,196
51065,40,99
17097,26,127
13195,34,202
05039,35,173
08063,33,161
16073,48,183
55141,33,137
36013,29,131
13067,26,160
47091,42,181
39013,32,196
51195,47,207
29035,38,211
40013,42,203
31035,40,216
24017,23,138
19033,35,202
19073,42,181
21205,48,214
29031,36,197
53071,40,138
29133,42,211
05025,34,181
48113,31,187
72079,25,127
18033,33,204
22073,33,189
22095,28,173
22091,33,172
01059,37,238
21041,33,221
08019,26,141
26097,33,139
48307,33,223
28141,41,193
48217,36,195
08075,40,179
20055,33,193
20125,35,195
45039,34,201
31033,35,169
27091,41,217
47155,42,188
47139,42,188
30099,37,190
17117,33,158
39141,32,196
17195,33,132
48141,34,175
40077,42,203
39167,34,182
29091,35,197
21111,33,144
17107,33,132
55139,33,127
21075,33,95
20079,33,195
30021,48,204
54091,33,145
26111,33,139
28119,26,173
21093,33,207
17081,33,193
46057,34,167
55069,33,137
36033,33,126
51630,26,132
54081,38,140
35005,33,193
35049,33,152
06059,33,159
04023,39,202
37053,33,146
17101,35,215
18067,33,204
18125,37,204
21047,51,187
26045,33,139
19179,42,167
06025,36,189
26027,33,167
28157,26,193
28079,40,193
72025,24,126
72027,24,120
28025,33,193
28037,41,193
28099,40,207
72119,24,123
01035,32,193
18029,33,200
18071,33,195
28081,33,193
22125,44,155
05035,27,163
12063,37,197
51115,29,116
48283,34,125
36067,28,93
19087,35,216
72075,24,126
55091,34,133
04001,36,188
29121,35,176
48279,31,177
48015,33,177
29061,36,218
13253,34,195
26101,37,139
19119,35,237
48233,37,177
40139,42,196
40153,42,189
06101,33,158
42105,37,146
48465,35,198
20077,26,209
19133,42,223
49023,36,182
40137,42,119
36017,30,116
17143,26,139
19091,28,202
31177,33,216
55049,33,137
27097,41,210
42003,31,146
29205,33,183
39097,28,203
20201,35,223
17019,26,109
16087,48,153
17045,35,162
39065,32,210
26113,37,146
38093,42,197
29203,48,197
48423,36,193
40143,42,196
40091,35,196
48395,31,187
48171,33,176
26125,33,132
27117,34,217
51099,33,141
53025,36,190
27129,41,196
12001,37,169
51147,33,207
49007,34,196
42017,24,139
42081,32,146
16057,40,137
13237,28,195
51640,40,186
35037,33,197
05073,34,191
48451,31,192
12049,37,197
39025,32,168
48501,44,91
41071,37,137
19115,35,195
39121,34,196
39137,28,210
48425,40,214
42075,29,146
30035,51,155
32027,77,174
27087,51,126
34031,22,134
30047,51,169
29157,34,190
48411,36,198
40073,42,210
48051,33,192
36035,33,111
28133,33,193
27053,34,127
42027,30,146
48025,33,187
47077,42,195
19171,35,202
20175,33,202
19135,42,181
31147,44,216
17021,33,179
12089,37,169
12133,37,183
13275,34,195
21005,36,207
21185,33,214
13057,29,167
26133,35,146
47109,42,174
53001,35,190
29057,34,183
22101,28,173
50007,26,109
72045,24,127
15009,29,139
22057,33,165
19139,35,153
12113,37,183
18101,33,207
21203,48,235
21223,33,250
13055,34,202
45033,34,173
37103,33,167
20131,35,202
20137,40,223
72007,24,126
72033,24,121
13087,40,188
18177,33,190
21009,48,187
31093,33,156
06005,36,161
47049,42,209
20031,33,202
26023,35,208
51031,33,111
39105,36,203
54067,45,148
46115,34,209
50027,33,123
48455,31,105
35001,33,158
13205,34,195
15001,32,139
21147,89,228
21191,33,235
21215,33,179
30041,48,211
48069,36,203
24043,27,158
21133,48,214
34033,28,135
51680,33,154
05125,30,184
54053,42,152
54021,43,161
28063,35,200
38079,34,188
21049,36,207
72101,24,119
26005,33,139
47005,42,181
27015,41,210
47137,42,188
51109,33,207
18145,33,179
39049,25,140
49021,36,182
49039,49,182
12009,30,155
18105,33,125
19117,42,244
21239,33,207
45053,34,188
48043,52,194
45065,34,217
45087,34,194
27103,41,127
55075,35,137
53011,35,137
55099,33,151
18103,33,204
20053,33,209
22123,37,187
12077,37,211
21149,33,207
28001,40,190
72083,28,134
28057,40,207
21073,33,200
23009,58,131
23013,55,124
13217,19,195
26061,33,132
47051,42,201
22029,33,193
22063,33,161
25009,26,126
46019,36,181
08035,26,140
45079,34,173
18095,33,197
40099,42,189
54009,33,146
54013,37,117
51021,40,201
30111,40,190
54043,38,207
06033,42,158
13131,40,195
08021,33,165
49037,33,168
18133,33,204
16047,77,193
47167,28,160
22121,28,165
56039,33,166
55043,34,138
38059,36,169
37041,33,202
37021,33,139
06063,36,96
51730,28,193
50023,33,118
46093,34,174
18097,26,188
05017,33,190
13021,26,181
72059,28,130
72131,24,132
05115,35,194
51175,33,152
48183,33,192
36087,21,124
05089,35,178
51800,28,141
08041,26,148
29187,34,190
48475,37,200
48487,31,187
41015,40,161
08119,33,160
29049,34,204
49051,33,161
16029,41,209
37157,33,153
05117,36,203
05011,36,176
48193,32,193
24011,27,140
27041,41,137
30043,42,176
51059,26,132
30023,40,176
47001,42,207
39077,25,210
13005,40,125
10001,29,137
39173,28,140
13157,34,195
20003,33,202
17095,26,146
47015,42,223
23007,56,123
21165,64,228
08051,26,160
26029,33,138
27151,48,147
39147,28,210
13267,40,209
48429,33,178
37117,33,181
30081,40,176
13317,40,216
53043,40,155
06081,33,137
39171,34,217
16021,50,144
16007,41,174
39159,30,196
39035,13,133
48285,31,91
40105,35,210
41059,35,179
46102,34,230
20117,35,209
22065,33,200
30105,48,197
13313,34,209
46023,35,202
31027,35,216
53035,33,130
17111,26,130
29033,33,218
53075,35,216
27147,41,120
47033,42,193
19079,42,181
39165,29,161
13255,26,181
34019,22,133
29217,35,176
18121,33,209
19069,42,195
13035,26,188
08039,26,152
44001,35,139
48035,33,201
44005,35,139
39045,28,196
17015,40,139
41031,33,153
47021,36,180
46127,34,139
01051,33,182
13187,34,202
39083,32,203
19017,35,209
48175,37,191
37089,33,195
12061,37,169
36051,29,118
19141,35,188
48059,33,193
48379,33,191
20067,35,202
51105,47,228
35051,40,173
05043,34,186
29015,36,197
05109,36,188
08077,33,155
29065,35,197
51185,47,235
42103,29,146
42115,29,132
48343,36,198
42125,30,146
50001,72,216
20103,35,181
26121,33,139
28049,26,193
48281,38,182
51107,26,137
29185,35,204
36025,29,108
53045,40,141
37127,33,188
51199,26,137
29159,34,211
30063,40,169
48459,37,104
51047,28,186
40061,42,203
54069,33,134
54065,26,214
51165,33,235
18183,33,195
06093,36,161
46037,34,223
22071,28,137
01073,32,172
01127,34,195
29063,34,211
12039,30,183
13083,34,139
28033,33,158
51187,26,200
17047,33,193
47113,36,174
01111,32,188
37009,40,202
39089,25,196
51683,26,141
05139,28,194
17071,33,144
01101,32,182
08005,26,145
21155,36,187
53057,33,153
28067,40,193
55021,33,130
37019,33,146
27029,48,231
51131,33,193
18041,37,197
31079,33,156
31081,40,144
72089,24,128
01007,32,231
28075,33,207
27013,41,119
51177,26,140
33017,33,123
13153,34,202
26041,35,139
05131,34,183
06087,33,133
13191,34,195
13207,27,181
29069,34,126
48483,26,198
13117,34,160
48409,33,187
28147,40,200
29137,34,218
26073,33,132
48341,36,161
45017,34,194
56035,42,173
21069,48,214
55019,33,165
45091,34,166
18001,33,188
22005,28,166
42119,32,139
51041,26,137
22001,33,180
42039,29,139
46123,34,230
19077,35,216
19183,35,202
40051,35,210
54039,33,152
55109,33,130
42121,32,146
39153,17,140
13127,34,202
48479,33,123
37123,33,209
23003,69,124
28065,26,193
18175,35,200
48031,33,187
51025,40,144
47045,35,180
47053,36,181
51149,33,231
05075,34,189
53053,33,137
16063,77,190
42071,27,146
55057,33,133
47151,42,209
37181,33,202
21033,48,200
45011,34,194
47039,42,181
18009,33,174
01055,32,188
20155,33,188
47119,42,185
56015,40,194
55107,35,193
55133,35,132
21079,33,207
25021,26,123
18063,33,153
17077,33,146
45043,34,201
49019,34,140
49045,33,168
51650,26,144
55011,33,130
51069,26,144
54041,38,147
27119,48,210
27127,41,217
47047,28,153
22089,28,153
05111,29,189
12045,37,183
47063,42,199
01021,32,193
48351,33,187
48219,31,189
13009,29,209
37175,33,195
37171,33,202
01031,32,188
39149,32,196
16027,48,190
12073,30,183
40119,42,189
01039,35,183
18093,37,188
20069,33,223
21045,48,214
21169,48,200
21207,48,207
22011,40,180
23025,57,124
21163,37,207
21179,33,207
21187,33,207
29155,33,204
48365,33,187
21011,48,214
48001,31,199
51033,29,153
19167,35,195
06021,36,162
29510,28,148
13111,40,200
46051,33,209
53067,33,132
31107,40,223
35061,33,160
19005,35,223
48061,33,176
48339,31,166
08071,33,305
48299,35,178
37043,40,209
36071,28,153
36093,28,125
54059,44,200
20197,33,181
27055,34,132
21181,33,95
25023,26,130
36005,25,179
37055,33,146
39103,19,140
42005,30,146
34001,25,135
55071,33,137
55029,27,137
37047,40,209
39053,35,203
48441,35,192
51570,26,195
39031,32,210
48205,44,239
08049,26,116
48249,38,187
19189,35,195
06079,33,151
01067,32,179
39175,32,217
48505,44,187
13177,40,181
21019,35,207
27019,34,130
31037,33,223
45025,34,188
47101,42,230
41067,33,130
51810,26,140
30057,37,190
51103,33,139
29013,33,190
33001,33,123
51159,36,236
53021,40,190
19093,35,209
20173,33,195
48453,31,99
12057,30,169
34021,23,128
31023,33,166
42129,31,146
12015,37,169
19029,42,209
39107,32,210
21115,48,165
44003,35,139
50025,26,130
50019,64,125
20085,33,202
22041,35,189
28155,40,193
25011,33,123
31031,40,216
30001,41,169
29143,36,211
05057,34,182
29029,34,183
51117,36,152
21233,36,207
40047,42,217
53059,40,139
26091,33,139
13123,40,195
27135,36,133
28089,26,190
48227,37,97
54099,38,144
